Naam,Voornaam,Achternaam,Wachtwoord,Afdeling
peter.griffin,Peter,Griffin,HoGent2022,Management
stewie.griffin,Stewie,Griffin,HoGent2022,IT
joe.swanson,Joe,Swanson,HoGent2022,Accounting
glenn.quagmire,Glenn,Quagmmire,HoGent2022,Accounting
lois.griffin,Lois,Griffin,HoGent2022,Management
brian.griffin,Brian,Griffin,HoGent2022,IT
cleveland.brown,Cleveland,Brown,HoGent2022,HR
meg.griffin,Meg,Griffin,HoGent2022,Sales
chriss.griffin,Chriss,Griffin,HoGent2022,Sales